{
  "mzded": true,
  "dwrzf": 82,
  "trwnv": 0.48602445525970894,
  "orwba": 0.46543317194380085,
  "gajyn": -18,
  "girut": true,
  "mbwmd": -85,
  "yjumn": -100,
  "biivm": true,
  "bmgmq": 0.3365367587365419,
  "lhxty": 0.9335572318746818,
  "qbams": 60,
  "jsvpu": true,
  "phokx": -74
}