{
  "klzsss": 38,
  "ljkxhl": false,
  "wzrncc": 98,
  "kwwvoe": 0.8615557317312987,
  "slrkxl": 67,
  "wvksyu": 0.43826379451484,
  "sbxoim": -34,
  "dqyozv": 0.8816221698279099
}