{
  "gybmt": 54,
  "whjhf": true,
  "pguhz": -46,
  "kxdxj": true,
  "exhko": false,
  "iqcyk": 80,
  "uvbdo": 0.5566266370823312,
  "yieyp": false,
  "xcnyh": false,
  "hpark": true,
  "bmbhg": 20,
  "dvgxz": 0.39053939426421946,
  "golmr": 0.8780198368106584,
  "eckfi": true,
  "pmilj": true,
  "kaeac": 0.029148069859004533,
  "qzhum": 0.31692407666761824,
  "igyca": 0.8295105861186998,
  "pkays": false
}